Label,Status,EcdcLabel,Date added,Comment,definition_flexible,mutation label,Pango lineage
A.23.1+E484K,De-escalated,A.23.1+E484K,26/04/2021,First identified in the UK,yes,Spike_E484K;Spike_P681R;Spike_Q613H;Spike_V367F,A.23.1
B.1.1.7+E484K,De-escalated,B.1.1.7+E484K,21/04/2021,First identified in the UK,yes,Spike_D614G;Spike_E484K;Spike_N501Y;Spike_P681H,B.1.1.7
B.1.1.7+L452R,De-escalated,B.1.1.7+L452R,26/04/2021,,no,Spike_D614G;Spike_L452R;Spike_N501Y;Spike_P681H,B.1.1.7
B.1.1.7+S494P,De-escalated,B.1.1.7+S494P,2/6/2021,First identified in the UK,no,Spike_D614G;Spike_N501Y;Spike_P681H;Spike_S494P,B.1.1.7
B.1,VOC,B.1.351,21/04/2021,First identified in South Africa (wrong lineage),no,Spike_A701V;Spike_D614G;Spike_E484K;Spike_K417N;Spike_N501Y,B.1
B.1.351.4,VOC,B.1.351,14/07/2021,,yes,Spike_A701V;Spike_D614G;Spike_E484K;Spike_K417N;Spike_N501Y,B.1.351.4
B.1.351+E516Q,De-escalated,B.1.351+E516Q,26/04/2021,,no,Spike_A701V;Spike_D614G;Spike_E484K;Spike_E516Q;Spike_K417N;Spike_N501Y,B.1.351
B.1.351+P384L,De-escalated,B.1.351+P384L,26/04/2021,,no,Spike_A701V;Spike_D614G;Spike_E484K;Spike_K417N;Spike_N501Y;Spike_P384L,B.1.351
B.1.427,De-escalated,B.1.427/B.1.429,21/04/2021,First detected in the USA,yes,Spike_D614G;Spike_L452R,B.1.427
B.1.429,De-escalated,B.1.427/B.1.429,21/04/2021,First detected in the USA,yes,Spike_D614G;Spike_L452R,B.1.429
B.1.526.1,De-escalated,B.1.526.1,29/04/2021,First identified in the USA,yes,Spike_D614G;Spike_L452R,B.1.526.1
B.1.526.2,De-escalated,B.1.526.2,29/04/2021,First identified in the USA,yes,Spike_D614G;Spike_S477N,B.1.526.2
C.36+L452R,De-escalated,C.36+L452R,29/04/2021,First identified in Egypt,no,Spike_D614G;Spike_L452R;Spike_Q677H,C.36
C.36.1+L452R,Monitoring,C.36+L452R,29/04/2021,First identified in Egypt,no,Spike_D614G;Spike_L452R;Spike_Q677H,C.36.1
C.36.2+L452R,Monitoring,C.36+L452R,29/04/2021,First identified in Egypt,no,Spike_D614G;Spike_L452R;Spike_Q677H,C.36.2
AY.12,VOC,B.1.617.2,14/07/2021,,yes,Spike_D614G;Spike_L452R;Spike_P681R;Spike_T478K,AY.12
P.1+P681H,De-escalated,P.1+P681H,,,,,P.1
B.1.617.2+K417N,Monitoring,B.1.617.2,,,,,B.1.617.2
B.1.617.2+E484X,Monitoring,B.1.617.2,,,,,B.1.617.2
B.1.617.2+Q613H,Monitoring,B.1.617.2,,,,,B.1.617.2
B.1.640,Monitoring,B.1.640,,,,,B.1.640
C.36,Monitoring,,,,,,C.36
XF,Monitoring,,,,,,XF
BA.2.9.1ยง,VOC-LUM,,,,,,BA.2.9.1ยง
BA.2.36.1,VOC,,,,,,BA.2.36.1
B.1.351,VOC,,,,,,B.1.351
B.1.351.1,VOC,,,,,,B.1.351.1
B.1.351.2,VOC,,,,,,B.1.351.2
B.1.351.3,VOC,,,,,,B.1.351.3
B.1.351.5,VOC,,,,,,B.1.351.5
B.1.525,VOI,,,,,,B.1.525
B.1.526,VOI,,,,,,B.1.526
C.37,VOI,,,,,,C.37
C.37.1,VOI,,,,,,C.37.1
B.1.621,VOI,,,,,,B.1.621
B.1.621.1,VOI,,,,,,B.1.621.1
B.1.621.2,VOI,,,,,,B.1.621.2
P.3,VOI,,,,,,P.3
P.2,VOI,,,,,,P.2
AV.1,De-escalated,,,,,,AV.1
B.1.619,De-escalated,,,,,,B.1.619
B.1.619.1,De-escalated,,,,,,B.1.619.1
B.1.630,De-escalated,,,,,,B.1.630
B.1.640.1,De-escalated,,,,,,B.1.640.1
B.1.640.2,De-escalated,,,,,,B.1.640.2
C.1.2,De-escalated,,,,,,C.1.2
C.36.3,De-escalated,,,,,,C.36.3
C.36.3.1,De-escalated,,,,,,C.36.3.1
R.1,De-escalated,,,,,,R.1
XD,De-escalated,,,,,,XD
XAK,Monitoring,,,,,,XAK
N.7,De-escalated,,,,,,N.7
P.6,De-escalated,,,,,,P.6
A.2.5,De-escalated,,,,,,A.2.5
A.2.5.1,De-escalated,,,,,,A.2.5.1
A.2.5.2,De-escalated,,,,,,A.2.5.2
A.2.5.3,De-escalated,,,,,,A.2.5.3
A.23.1,De-escalated,,,,,,A.23.1
A.27,De-escalated,,,,,,A.27
A.28,De-escalated,,,,,,A.28
AT.1,De-escalated,,,,,,AT.1
B.1.1.277,De-escalated,,,,,,B.1.1.277
B.1.1.302,De-escalated,,,,,,B.1.1.302
B.1.160,De-escalated,,,,,,B.1.160
B.1.160.10,De-escalated,,,,,,B.1.160.10
B.1.160.11,De-escalated,,,,,,B.1.160.11
B.1.160.12,De-escalated,,,,,,B.1.160.12
B.1.160.13,De-escalated,,,,,,B.1.160.13
B.1.160.14,De-escalated,,,,,,B.1.160.14
B.1.160.15,De-escalated,,,,,,B.1.160.15
B.1.160.16,De-escalated,,,,,,B.1.160.16
B.1.160.17,De-escalated,,,,,,B.1.160.17
B.1.160.18,De-escalated,,,,,,B.1.160.18
B.1.160.19,De-escalated,,,,,,B.1.160.19
B.1.160.20,De-escalated,,,,,,B.1.160.20
B.1.160.21,De-escalated,,,,,,B.1.160.21
B.1.160.22,De-escalated,,,,,,B.1.160.22
B.1.160.23,De-escalated,,,,,,B.1.160.23
B.1.160.24,De-escalated,,,,,,B.1.160.24
B.1.160.25,De-escalated,,,,,,B.1.160.25
B.1.160.26,De-escalated,,,,,,B.1.160.26
B.1.160.27,De-escalated,,,,,,B.1.160.27
B.1.160.28,De-escalated,,,,,,B.1.160.28
B.1.160.29,De-escalated,,,,,,B.1.160.29
B.1.160.30,De-escalated,,,,,,B.1.160.30
B.1.160.31,De-escalated,,,,,,B.1.160.31
B.1.160.32,De-escalated,,,,,,B.1.160.32
B.1.160.33,De-escalated,,,,,,B.1.160.33
B.1.160.7,De-escalated,,,,,,B.1.160.7
B.1.160.8,De-escalated,,,,,,B.1.160.8
B.1.160.9,De-escalated,,,,,,B.1.160.9
B.1.177,De-escalated,,,,,,B.1.177
B.1.177.10,De-escalated,,,,,,B.1.177.10
B.1.177.11,De-escalated,,,,,,B.1.177.11
B.1.177.12,De-escalated,,,,,,B.1.177.12
B.1.177.14,De-escalated,,,,,,B.1.177.14
B.1.177.15,De-escalated,,,,,,B.1.177.15
B.1.177.16,De-escalated,,,,,,B.1.177.16
B.1.177.17,De-escalated,,,,,,B.1.177.17
B.1.177.18,De-escalated,,,,,,B.1.177.18
B.1.177.19,De-escalated,,,,,,B.1.177.19
B.1.177.2,De-escalated,,,,,,B.1.177.2
B.1.177.20,De-escalated,,,,,,B.1.177.20
B.1.177.21,De-escalated,,,,,,B.1.177.21
B.1.177.23,De-escalated,,,,,,B.1.177.23
B.1.177.24,De-escalated,,,,,,B.1.177.24
B.1.177.25,De-escalated,,,,,,B.1.177.25
B.1.177.26,De-escalated,,,,,,B.1.177.26
B.1.177.27,De-escalated,,,,,,B.1.177.27
B.1.177.28,De-escalated,,,,,,B.1.177.28
B.1.177.29,De-escalated,,,,,,B.1.177.29
B.1.177.3,De-escalated,,,,,,B.1.177.3
B.1.177.30,De-escalated,,,,,,B.1.177.30
B.1.177.31,De-escalated,,,,,,B.1.177.31
B.1.177.32,De-escalated,,,,,,B.1.177.32
B.1.177.33,De-escalated,,,,,,B.1.177.33
B.1.177.34,De-escalated,,,,,,B.1.177.34
B.1.177.35,De-escalated,,,,,,B.1.177.35
B.1.177.36,De-escalated,,,,,,B.1.177.36
B.1.177.37,De-escalated,,,,,,B.1.177.37
B.1.177.38,De-escalated,,,,,,B.1.177.38
B.1.177.39,De-escalated,,,,,,B.1.177.39
B.1.177.4,De-escalated,,,,,,B.1.177.4
B.1.177.40,De-escalated,,,,,,B.1.177.40
B.1.177.41,De-escalated,,,,,,B.1.177.41
B.1.177.42,De-escalated,,,,,,B.1.177.42
B.1.177.43,De-escalated,,,,,,B.1.177.43
B.1.177.44,De-escalated,,,,,,B.1.177.44
B.1.177.45,De-escalated,,,,,,B.1.177.45
B.1.177.46,De-escalated,,,,,,B.1.177.46
B.1.177.47,De-escalated,,,,,,B.1.177.47
B.1.177.48,De-escalated,,,,,,B.1.177.48
B.1.177.49,De-escalated,,,,,,B.1.177.49
B.1.177.5,De-escalated,,,,,,B.1.177.5
B.1.177.50,De-escalated,,,,,,B.1.177.50
B.1.177.51,De-escalated,,,,,,B.1.177.51
B.1.177.52,De-escalated,,,,,,B.1.177.52
B.1.177.53,De-escalated,,,,,,B.1.177.53
B.1.177.54,De-escalated,,,,,,B.1.177.54
B.1.177.55,De-escalated,,,,,,B.1.177.55
B.1.177.56,De-escalated,,,,,,B.1.177.56
B.1.177.57,De-escalated,,,,,,B.1.177.57
B.1.177.58,De-escalated,,,,,,B.1.177.58
B.1.177.59,De-escalated,,,,,,B.1.177.59
B.1.177.6,De-escalated,,,,,,B.1.177.6
B.1.177.60,De-escalated,,,,,,B.1.177.60
B.1.177.61,De-escalated,,,,,,B.1.177.61
B.1.177.62,De-escalated,,,,,,B.1.177.62
B.1.177.63,De-escalated,,,,,,B.1.177.63
B.1.177.64,De-escalated,,,,,,B.1.177.64
B.1.177.65,De-escalated,,,,,,B.1.177.65
B.1.177.66,De-escalated,,,,,,B.1.177.66
B.1.177.67,De-escalated,,,,,,B.1.177.67
B.1.177.68,De-escalated,,,,,,B.1.177.68
B.1.177.69,De-escalated,,,,,,B.1.177.69
B.1.177.7,De-escalated,,,,,,B.1.177.7
B.1.177.70,De-escalated,,,,,,B.1.177.70
B.1.177.71,De-escalated,,,,,,B.1.177.71
B.1.177.72,De-escalated,,,,,,B.1.177.72
B.1.177.73,De-escalated,,,,,,B.1.177.73
B.1.177.74,De-escalated,,,,,,B.1.177.74
B.1.177.75,De-escalated,,,,,,B.1.177.75
B.1.177.76,De-escalated,,,,,,B.1.177.76
B.1.177.77,De-escalated,,,,,,B.1.177.77
B.1.177.78,De-escalated,,,,,,B.1.177.78
B.1.177.8,De-escalated,,,,,,B.1.177.8
B.1.177.80,De-escalated,,,,,,B.1.177.80
B.1.177.81,De-escalated,,,,,,B.1.177.81
B.1.177.82,De-escalated,,,,,,B.1.177.82
B.1.177.83,De-escalated,,,,,,B.1.177.83
B.1.177.84,De-escalated,,,,,,B.1.177.84
B.1.177.85,De-escalated,,,,,,B.1.177.85
B.1.177.86,De-escalated,,,,,,B.1.177.86
B.1.177.87,De-escalated,,,,,,B.1.177.87
B.1.177.88,De-escalated,,,,,,B.1.177.88
B.1.177.89,De-escalated,,,,,,B.1.177.89
B.1.177.9,De-escalated,,,,,,B.1.177.9
B.1.221,De-escalated,,,,,,B.1.221
B.1.221.1,De-escalated,,,,,,B.1.221.1
B.1.221.2,De-escalated,,,,,,B.1.221.2
B.1.221.3,De-escalated,,,,,,B.1.221.3
B.1.221.4,De-escalated,,,,,,B.1.221.4
B.1.258,De-escalated,,,,,,B.1.258
B.1.258.10,De-escalated,,,,,,B.1.258.10
B.1.258.11,De-escalated,,,,,,B.1.258.11
B.1.258.12,De-escalated,,,,,,B.1.258.12
B.1.258.14,De-escalated,,,,,,B.1.258.14
B.1.258.15,De-escalated,,,,,,B.1.258.15
B.1.258.16,De-escalated,,,,,,B.1.258.16
B.1.258.17,De-escalated,,,,,,B.1.258.17
B.1.258.18,De-escalated,,,,,,B.1.258.18
B.1.258.19,De-escalated,,,,,,B.1.258.19
B.1.258.2,De-escalated,,,,,,B.1.258.2
B.1.258.20,De-escalated,,,,,,B.1.258.20
B.1.258.21,De-escalated,,,,,,B.1.258.21
B.1.258.22,De-escalated,,,,,,B.1.258.22
B.1.258.23,De-escalated,,,,,,B.1.258.23
B.1.258.24,De-escalated,,,,,,B.1.258.24
B.1.258.3,De-escalated,,,,,,B.1.258.3
B.1.258.4,De-escalated,,,,,,B.1.258.4
B.1.258.5,De-escalated,,,,,,B.1.258.5
B.1.258.6,De-escalated,,,,,,B.1.258.6
B.1.258.7,De-escalated,,,,,,B.1.258.7
B.1.258.9,De-escalated,,,,,,B.1.258.9
B.1.367,De-escalated,,,,,,B.1.367
B.1.616,De-escalated,,,,,,B.1.616
B.1.620,De-escalated,,,,,,B.1.620
C.16,De-escalated,,,,,,C.16
P.7,De-escalated,,,,,,P.7
R.2,De-escalated,,,,,,R.2
B.1.1.7,VOC,,,,,,B.1.1.7
Q.1,VOC,,,,,,Q.1
Q.2,VOC,,,,,,Q.2
Q.3,VOC,,,,,,Q.3
Q.4,VOC,,,,,,Q.4
Q.5,VOC,,,,,,Q.5
Q.6,VOC,,,,,,Q.6
Q.7,VOC,,,,,,Q.7
Q.8,VOC,,,,,,Q.8
B.1.617.2,VOC,,,,,,B.1.617.2
AY.1,VOC,,,,,,AY.1
AY.10,VOC,,,,,,AY.10
AY.100,VOC,,,,,,AY.100
AY.101,VOC,,,,,,AY.101
AY.102,VOC,,,,,,AY.102
AY.102.1,VOC,,,,,,AY.102.1
AY.102.2,VOC,,,,,,AY.102.2
AY.103,VOC,,,,,,AY.103
AY.103.1,VOC,,,,,,AY.103.1
AY.103.2,VOC,,,,,,AY.103.2
AY.104,VOC,,,,,,AY.104
AY.105,VOC,,,,,,AY.105
AY.106,VOC,,,,,,AY.106
AY.107,VOC,,,,,,AY.107
AY.108,VOC,,,,,,AY.108
AY.109,VOC,,,,,,AY.109
AY.11,VOC,,,,,,AY.11
AY.110,VOC,,,,,,AY.110
AY.111,VOC,,,,,,AY.111
AY.112,VOC,,,,,,AY.112
AY.112.1,VOC,,,,,,AY.112.1
AY.112.2,VOC,,,,,,AY.112.2
AY.112.3,VOC,,,,,,AY.112.3
AY.113,VOC,,,,,,AY.113
AY.114,VOC,,,,,,AY.114
AY.116,VOC,,,,,,AY.116
AY.116.1,VOC,,,,,,AY.116.1
AY.117,VOC,,,,,,AY.117
AY.118,VOC,,,,,,AY.118
AY.119,VOC,,,,,,AY.119
AY.119.1,VOC,,,,,,AY.119.1
AY.119.2,VOC,,,,,,AY.119.2
AY.120,VOC,,,,,,AY.120
AY.120.1,VOC,,,,,,AY.120.1
AY.120.2,VOC,,,,,,AY.120.2
AY.120.2.1,VOC,,,,,,AY.120.2.1
AY.121,VOC,,,,,,AY.121
AY.121.1,VOC,,,,,,AY.121.1
AY.122,VOC,,,,,,AY.122
AY.122.1,VOC,,,,,,AY.122.1
AY.122.2,VOC,,,,,,AY.122.2
AY.122.3,VOC,,,,,,AY.122.3
AY.122.4,VOC,,,,,,AY.122.4
AY.122.5,VOC,,,,,,AY.122.5
AY.122.6,VOC,,,,,,AY.122.6
AY.123,VOC,,,,,,AY.123
AY.123.1,VOC,,,,,,AY.123.1
AY.124,VOC,,,,,,AY.124
AY.124.1,VOC,,,,,,AY.124.1
AY.124.1.1,VOC,,,,,,AY.124.1.1
AY.125,VOC,,,,,,AY.125
AY.125.1,VOC,,,,,,AY.125.1
AY.126,VOC,,,,,,AY.126
AY.127,VOC,,,,,,AY.127
AY.127.1,VOC,,,,,,AY.127.1
AY.127.2,VOC,,,,,,AY.127.2
AY.127.3,VOC,,,,,,AY.127.3
AY.128,VOC,,,,,,AY.128
AY.129,VOC,,,,,,AY.129
AY.13,VOC,,,,,,AY.13
AY.130,VOC,,,,,,AY.130
AY.131,VOC,,,,,,AY.131
AY.132,VOC,,,,,,AY.132
AY.133,VOC,,,,,,AY.133
AY.14,VOC,,,,,,AY.14
AY.15,VOC,,,,,,AY.15
AY.16,VOC,,,,,,AY.16
AY.16.1,VOC,,,,,,AY.16.1
AY.17,VOC,,,,,,AY.17
AY.18,VOC,,,,,,AY.18
AY.19,VOC,,,,,,AY.19
AY.2,VOC,,,,,,AY.2
AY.20,VOC,,,,,,AY.20
AY.20.1,VOC,,,,,,AY.20.1
AY.21,VOC,,,,,,AY.21
AY.22,VOC,,,,,,AY.22
AY.23,VOC,,,,,,AY.23
AY.23.1,VOC,,,,,,AY.23.1
AY.23.2,VOC,,,,,,AY.23.2
AY.24,VOC,,,,,,AY.24
AY.24.1,VOC,,,,,,AY.24.1
AY.25,VOC,,,,,,AY.25
AY.25.1,VOC,,,,,,AY.25.1
AY.25.1.1,VOC,,,,,,AY.25.1.1
AY.25.1.2,VOC,,,,,,AY.25.1.2
AY.25.2,VOC,,,,,,AY.25.2
AY.25.3,VOC,,,,,,AY.25.3
AY.26,VOC,,,,,,AY.26
AY.26.1,VOC,,,,,,AY.26.1
AY.27,VOC,,,,,,AY.27
AY.28,VOC,,,,,,AY.28
AY.29,VOC,,,,,,AY.29
AY.29.1,VOC,,,,,,AY.29.1
AY.29.2,VOC,,,,,,AY.29.2
AY.3,VOC,,,,,,AY.3
AY.3.1,VOC,,,,,,AY.3.1
AY.3.2,VOC,,,,,,AY.3.2
AY.3.3,VOC,,,,,,AY.3.3
AY.3.4,VOC,,,,,,AY.3.4
AY.30,VOC,,,,,,AY.30
AY.31,VOC,,,,,,AY.31
AY.32,VOC,,,,,,AY.32
AY.33,VOC,,,,,,AY.33
AY.33.1,VOC,,,,,,AY.33.1
AY.33.2,VOC,,,,,,AY.33.2
AY.34,VOC,,,,,,AY.34
AY.34.1,VOC,,,,,,AY.34.1
AY.34.1.1,VOC,,,,,,AY.34.1.1
AY.34.2,VOC,,,,,,AY.34.2
AY.35,VOC,,,,,,AY.35
AY.36,VOC,,,,,,AY.36
AY.36.1,VOC,,,,,,AY.36.1
AY.37,VOC,,,,,,AY.37
AY.38,VOC,,,,,,AY.38
AY.39,VOC,,,,,,AY.39
AY.39.1,VOC,,,,,,AY.39.1
AY.39.1.1,VOC,,,,,,AY.39.1.1
AY.39.1.2,VOC,,,,,,AY.39.1.2
AY.39.1.3,VOC,,,,,,AY.39.1.3
AY.39.1.4,VOC,,,,,,AY.39.1.4
AY.39.2,VOC,,,,,,AY.39.2
AY.39.3,VOC,,,,,,AY.39.3
AY.39.4,VOC,,,,,,AY.39.4
AY.4,VOC,,,,,,AY.4
AY.4.1,VOC,,,,,,AY.4.1
AY.4.10,VOC,,,,,,AY.4.10
AY.4.11,VOC,,,,,,AY.4.11
AY.4.12,VOC,,,,,,AY.4.12
AY.4.13,VOC,,,,,,AY.4.13
AY.4.14,VOC,,,,,,AY.4.14
AY.4.15,VOC,,,,,,AY.4.15
AY.4.16,VOC,,,,,,AY.4.16
AY.4.17,VOC,,,,,,AY.4.17
AY.4.2,VOC,,,,,,AY.4.2
AY.4.2.1,VOC,,,,,,AY.4.2.1
AY.4.2.2,VOC,,,,,,AY.4.2.2
AY.4.2.3,VOC,,,,,,AY.4.2.3
AY.4.2.4,VOC,,,,,,AY.4.2.4
AY.4.2.5,VOC,,,,,,AY.4.2.5
AY.4.3,VOC,,,,,,AY.4.3
AY.4.4,VOC,,,,,,AY.4.4
AY.4.5,VOC,,,,,,AY.4.5
AY.4.6,VOC,,,,,,AY.4.6
AY.4.7,VOC,,,,,,AY.4.7
AY.4.8,VOC,,,,,,AY.4.8
AY.4.9,VOC,,,,,,AY.4.9
AY.40,VOC,,,,,,AY.40
AY.41,VOC,,,,,,AY.41
AY.42,VOC,,,,,,AY.42
AY.42.1,VOC,,,,,,AY.42.1
AY.43,VOC,,,,,,AY.43
AY.43.1,VOC,,,,,,AY.43.1
AY.43.2,VOC,,,,,,AY.43.2
AY.43.3,VOC,,,,,,AY.43.3
AY.43.4,VOC,,,,,,AY.43.4
AY.43.5,VOC,,,,,,AY.43.5
AY.43.6,VOC,,,,,,AY.43.6
AY.43.7,VOC,,,,,,AY.43.7
AY.43.8,VOC,,,,,,AY.43.8
AY.43.9,VOC,,,,,,AY.43.9
AY.44,VOC,,,,,,AY.44
AY.45,VOC,,,,,,AY.45
AY.46,VOC,,,,,,AY.46
AY.46.1,VOC,,,,,,AY.46.1
AY.46.2,VOC,,,,,,AY.46.2
AY.46.3,VOC,,,,,,AY.46.3
AY.46.4,VOC,,,,,,AY.46.4
AY.46.5,VOC,,,,,,AY.46.5
AY.46.6,VOC,,,,,,AY.46.6
AY.46.6.1,VOC,,,,,,AY.46.6.1
AY.47,VOC,,,,,,AY.47
AY.48,VOC,,,,,,AY.48
AY.49,VOC,,,,,,AY.49
AY.5,VOC,,,,,,AY.5
AY.5.1,VOC,,,,,,AY.5.1
AY.5.2,VOC,,,,,,AY.5.2
AY.5.3,VOC,,,,,,AY.5.3
AY.5.4,VOC,,,,,,AY.5.4
AY.5.5,VOC,,,,,,AY.5.5
AY.5.6,VOC,,,,,,AY.5.6
AY.5.7,VOC,,,,,,AY.5.7
AY.50,VOC,,,,,,AY.50
AY.51,VOC,,,,,,AY.51
AY.52,VOC,,,,,,AY.52
AY.53,VOC,,,,,,AY.53
AY.54,VOC,,,,,,AY.54
AY.55,VOC,,,,,,AY.55
AY.56,VOC,,,,,,AY.56
AY.57,VOC,,,,,,AY.57
AY.58,VOC,,,,,,AY.58
AY.59,VOC,,,,,,AY.59
AY.6,VOC,,,,,,AY.6
AY.60,VOC,,,,,,AY.60
AY.61,VOC,,,,,,AY.61
AY.62,VOC,,,,,,AY.62
AY.63,VOC,,,,,,AY.63
AY.64,VOC,,,,,,AY.64
AY.65,VOC,,,,,,AY.65
AY.66,VOC,,,,,,AY.66
AY.67,VOC,,,,,,AY.67
AY.68,VOC,,,,,,AY.68
AY.69,VOC,,,,,,AY.69
AY.7,VOC,,,,,,AY.7
AY.7.1,VOC,,,,,,AY.7.1
AY.7.2,VOC,,,,,,AY.7.2
AY.70,VOC,,,,,,AY.70
AY.71,VOC,,,,,,AY.71
AY.72,VOC,,,,,,AY.72
AY.73,VOC,,,,,,AY.73
AY.74,VOC,,,,,,AY.74
AY.75,VOC,,,,,,AY.75
AY.75.2,VOC,,,,,,AY.75.2
AY.75.3,VOC,,,,,,AY.75.3
AY.76,VOC,,,,,,AY.76
AY.77,VOC,,,,,,AY.77
AY.78,VOC,,,,,,AY.78
AY.79,VOC,,,,,,AY.79
AY.8,VOC,,,,,,AY.8
AY.80,VOC,,,,,,AY.80
AY.81,VOC,,,,,,AY.81
AY.82,VOC,,,,,,AY.82
AY.83,VOC,,,,,,AY.83
AY.84,VOC,,,,,,AY.84
AY.85,VOC,,,,,,AY.85
AY.86,VOC,,,,,,AY.86
AY.87,VOC,,,,,,AY.87
AY.88,VOC,,,,,,AY.88
AY.9,VOC,,,,,,AY.9
AY.9.2,VOC,,,,,,AY.9.2
AY.9.2.1,VOC,,,,,,AY.9.2.1
AY.9.2.2,VOC,,,,,,AY.9.2.2
AY.90,VOC,,,,,,AY.90
AY.91,VOC,,,,,,AY.91
AY.91.1,VOC,,,,,,AY.91.1
AY.92,VOC,,,,,,AY.92
AY.93,VOC,,,,,,AY.93
AY.94,VOC,,,,,,AY.94
AY.95,VOC,,,,,,AY.95
AY.98,VOC,,,,,,AY.98
AY.98.1,VOC,,,,,,AY.98.1
AY.98.1.1,VOC,,,,,,AY.98.1.1
AY.99,VOC,,,,,,AY.99
AY.99.1,VOC,,,,,,AY.99.1
AY.99.2,VOC,,,,,,AY.99.2
P.1,VOC,,,,,,P.1
P.1.1,VOC,,,,,,P.1.1
P.1.10,VOC,,,,,,P.1.10
P.1.10.1,VOC,,,,,,P.1.10.1
P.1.10.2,VOC,,,,,,P.1.10.2
P.1.11,VOC,,,,,,P.1.11
P.1.12,VOC,,,,,,P.1.12
P.1.13,VOC,,,,,,P.1.13
P.1.14,VOC,,,,,,P.1.14
P.1.15,VOC,,,,,,P.1.15
P.1.16,VOC,,,,,,P.1.16
P.1.17,VOC,,,,,,P.1.17
P.1.17.1,VOC,,,,,,P.1.17.1
P.1.2,VOC,,,,,,P.1.2
P.1.3,VOC,,,,,,P.1.3
P.1.4,VOC,,,,,,P.1.4
P.1.5,VOC,,,,,,P.1.5
P.1.6,VOC,,,,,,P.1.6
P.1.7,VOC,,,,,,P.1.7
P.1.7.1,VOC,,,,,,P.1.7.1
P.1.8,VOC,,,,,,P.1.8
P.1.9,VOC,,,,,,P.1.9
B.1.1.529,VOC,,,,,,B.1.1.529
BA.1,VOC,,,,,,BA.1
BA.1.1,VOC,,,,,,BA.1.1
BA.1.1.1,VOC,,,,,,BA.1.1.1
BA.1.1.10,VOC,,,,,,BA.1.1.10
BA.1.1.11,VOC,,,,,,BA.1.1.11
BA.1.1.12,VOC,,,,,,BA.1.1.12
BA.1.1.13,VOC,,,,,,BA.1.1.13
BA.1.1.14,VOC,,,,,,BA.1.1.14
BA.1.1.15,VOC,,,,,,BA.1.1.15
BA.1.1.16,VOC,,,,,,BA.1.1.16
BA.1.1.17,VOC,,,,,,BA.1.1.17
BA.1.1.18,VOC,,,,,,BA.1.1.18
BA.1.1.2,VOC,,,,,,BA.1.1.2
BA.1.1.3,VOC,,,,,,BA.1.1.3
BA.1.1.4,VOC,,,,,,BA.1.1.4
BA.1.1.5,VOC,,,,,,BA.1.1.5
BA.1.1.6,VOC,,,,,,BA.1.1.6
BA.1.1.7,VOC,,,,,,BA.1.1.7
BA.1.1.8,VOC,,,,,,BA.1.1.8
BA.1.1.9,VOC,,,,,,BA.1.1.9
BA.1.10,VOC,,,,,,BA.1.10
BA.1.12,VOC,,,,,,BA.1.12
BA.1.13,VOC,,,,,,BA.1.13
BA.1.13.1,VOC,,,,,,BA.1.13.1
BA.1.14,VOC,,,,,,BA.1.14
BA.1.14.1,VOC,,,,,,BA.1.14.1
BA.1.14.2,VOC,,,,,,BA.1.14.2
BA.1.15,VOC,,,,,,BA.1.15
BA.1.15.1,VOC,,,,,,BA.1.15.1
BA.1.15.2,VOC,,,,,,BA.1.15.2
BA.1.15.3,VOC,,,,,,BA.1.15.3
BA.1.16,VOC,,,,,,BA.1.16
BA.1.16.1,VOC,,,,,,BA.1.16.1
BA.1.16.2,VOC,,,,,,BA.1.16.2
BA.1.17,VOC,,,,,,BA.1.17
BA.1.17.1,VOC,,,,,,BA.1.17.1
BA.1.17.2,VOC,,,,,,BA.1.17.2
BA.1.18,VOC,,,,,,BA.1.18
BA.1.19,VOC,,,,,,BA.1.19
BA.1.2,VOC,,,,,,BA.1.2
BA.1.20,VOC,,,,,,BA.1.20
BA.1.21,VOC,,,,,,BA.1.21
BA.1.21.1,VOC,,,,,,BA.1.21.1
BA.1.22,VOC,,,,,,BA.1.22
BA.1.23,VOC,,,,,,BA.1.23
BA.1.24,VOC,,,,,,BA.1.24
BA.1.3,VOC,,,,,,BA.1.3
BA.1.4,VOC,,,,,,BA.1.4
BA.1.5,VOC,,,,,,BA.1.5
BA.1.6,VOC,,,,,,BA.1.6
BA.1.7,VOC,,,,,,BA.1.7
BA.1.8,VOC,,,,,,BA.1.8
BA.1.9,VOC,,,,,,BA.1.9
BA.2,VOC,,,,,,BA.2
BA.2.1,VOC,,,,,,BA.2.1
BA.2.10,VOC,,,,,,BA.2.10
BA.2.10.1,VOC,,,,,,BA.2.10.1
BA.2.10.2,VOC,,,,,,BA.2.10.2
BA.2.10.3,VOC,,,,,,BA.2.10.3
BA.2.10.4,VOC,,,,,,BA.2.10.4
BA.2.11,VOC,,,,,,BA.2.11
BA.2.12,VOC,,,,,,BA.2.12
BA.2.12.2,VOC,,,,,,BA.2.12.2
BA.2.13,VOC,,,,,,BA.2.13
BA.2.13.1,VOC,,,,,,BA.2.13.1
BA.2.14,VOC,,,,,,BA.2.14
BA.2.15,VOC,,,,,,BA.2.15
BA.2.16,VOC,,,,,,BA.2.16
BA.2.17,VOC,,,,,,BA.2.17
BA.2.18,VOC,,,,,,BA.2.18
BA.2.19,VOC,,,,,,BA.2.19
BA.2.2,VOC,,,,,,BA.2.2
BA.2.2.1,VOC,,,,,,BA.2.2.1
BA.2.20,VOC,,,,,,BA.2.20
BA.2.21,VOC,,,,,,BA.2.21
BA.2.22,VOC,,,,,,BA.2.22
BA.2.23,VOC,,,,,,BA.2.23
BA.2.24,VOC,,,,,,BA.2.24
BA.2.25,VOC,,,,,,BA.2.25
BA.2.25.1,VOC,,,,,,BA.2.25.1
BA.2.26,VOC,,,,,,BA.2.26
BA.2.27,VOC,,,,,,BA.2.27
BA.2.28,VOC,,,,,,BA.2.28
BA.2.29,VOC,,,,,,BA.2.29
BA.2.3,VOC,,,,,,BA.2.3
BA.2.3.1,VOC,,,,,,BA.2.3.1
BA.2.3.10,VOC,,,,,,BA.2.3.10
BA.2.3.11,VOC,,,,,,BA.2.3.11
BA.2.3.12,VOC,,,,,,BA.2.3.12
BA.2.3.13,VOC,,,,,,BA.2.3.13
BA.2.3.14,VOC,,,,,,BA.2.3.14
BA.2.3.15,VOC,,,,,,BA.2.3.15
BA.2.3.16,VOC,,,,,,BA.2.3.16
BA.2.3.17,VOC,,,,,,BA.2.3.17
BA.2.3.18,VOC,,,,,,BA.2.3.18
BA.2.3.19,VOC,,,,,,BA.2.3.19
BA.2.3.2,VOC,,,,,,BA.2.3.2
BA.2.3.20,VOC,,,,,,BA.2.3.20
BA.2.3.3,VOC,,,,,,BA.2.3.3
BA.2.3.4,VOC,,,,,,BA.2.3.4
BA.2.3.5,VOC,,,,,,BA.2.3.5
BA.2.3.6,VOC,,,,,,BA.2.3.6
BA.2.3.7,VOC,,,,,,BA.2.3.7
BA.2.3.8,VOC,,,,,,BA.2.3.8
BA.2.3.9,VOC,,,,,,BA.2.3.9
BA.2.30,VOC,,,,,,BA.2.30
BA.2.31,VOC,,,,,,BA.2.31
BA.2.32,VOC,,,,,,BA.2.32
BA.2.33,VOC,,,,,,BA.2.33
BA.2.34,VOC,,,,,,BA.2.34
BA.2.35,VOC,,,,,,BA.2.35
BA.2.36,VOC,,,,,,BA.2.36
BA.2.37,VOC,,,,,,BA.2.37
BA.2.38,VOC,,,,,,BA.2.38
BA.2.38.1,VOC,,,,,,BA.2.38.1
BA.2.38.2,VOC,,,,,,BA.2.38.2
BA.2.38.3,VOC,,,,,,BA.2.38.3
BA.2.39,VOC,,,,,,BA.2.39
BA.2.4,VOC,,,,,,BA.2.4
BA.2.40,VOC,,,,,,BA.2.40
BA.2.40.1,VOC,,,,,,BA.2.40.1
BA.2.41,VOC,,,,,,BA.2.41
BA.2.42,VOC,,,,,,BA.2.42
BA.2.43,VOC,,,,,,BA.2.43
BA.2.44,VOC,,,,,,BA.2.44
BA.2.45,VOC,,,,,,BA.2.45
BA.2.46,VOC,,,,,,BA.2.46
BA.2.47,VOC,,,,,,BA.2.47
BA.2.48,VOC,,,,,,BA.2.48
BA.2.49,VOC,,,,,,BA.2.49
BA.2.5,VOC,,,,,,BA.2.5
BA.2.50,VOC,,,,,,BA.2.50
BA.2.51,VOC,,,,,,BA.2.51
BA.2.52,VOC,,,,,,BA.2.52
BA.2.53,VOC,,,,,,BA.2.53
BA.2.54,VOC,,,,,,BA.2.54
BA.2.55,VOC,,,,,,BA.2.55
BA.2.56,VOC,,,,,,BA.2.56
BA.2.56.1,VOC,,,,,,BA.2.56.1
BA.2.57,VOC,,,,,,BA.2.57
BA.2.58,VOC,,,,,,BA.2.58
BA.2.59,VOC,,,,,,BA.2.59
BA.2.6,VOC,,,,,,BA.2.6
BA.2.60,VOC,,,,,,BA.2.60
BA.2.61,VOC,,,,,,BA.2.61
BA.2.62,VOC,,,,,,BA.2.62
BA.2.63,VOC,,,,,,BA.2.63
BA.2.64,VOC,,,,,,BA.2.64
BA.2.65,VOC,,,,,,BA.2.65
BA.2.66,VOC,,,,,,BA.2.66
BA.2.67,VOC,,,,,,BA.2.67
BA.2.68,VOC,,,,,,BA.2.68
BA.2.69,VOC,,,,,,BA.2.69
BA.2.7,VOC,,,,,,BA.2.7
BA.2.70,VOC,,,,,,BA.2.70
BA.2.71,VOC,,,,,,BA.2.71
BA.2.72,VOC,,,,,,BA.2.72
BA.2.73,VOC,,,,,,BA.2.73
BA.2.74,VOC,,,,,,BA.2.74
BA.2.75,VOC,,,,,,BA.2.75
BA.2.75.1,VOC,,,,,,BA.2.75.1
BA.2.75.2,VOC,,,,,,BA.2.75.2
BA.2.75.3,VOC,,,,,,BA.2.75.3
BA.2.75.4,VOC,,,,,,BA.2.75.4
BA.2.75.5,VOC,,,,,,BA.2.75.5
BA.2.75.6,VOC,,,,,,BA.2.75.6
BA.2.75.7,VOC,,,,,,BA.2.75.7
BA.2.76,VOC,,,,,,BA.2.76
BA.2.76.1,VOC,,,,,,BA.2.76.1
BA.2.76.2,VOC,,,,,,BA.2.76.2
BA.2.77,VOC,,,,,,BA.2.77
BA.2.8,VOC,,,,,,BA.2.8
BA.2.80,VOC,,,,,,BA.2.80
BA.2.81,VOC,,,,,,BA.2.81
BA.2.82,VOC,,,,,,BA.2.82
BA.2.9,VOC,,,,,,BA.2.9
BA.2.9.1,VOC,,,,,,BA.2.9.1
BA.2.9.2,VOC,,,,,,BA.2.9.2
BA.2.9.3,VOC,,,,,,BA.2.9.3
BA.2.9.4,VOC,,,,,,BA.2.9.4
BA.2.9.5,VOC,,,,,,BA.2.9.5
BA.2.9.6,VOC,,,,,,BA.2.9.6
BA.3,VOC,,,,,,BA.3
BA.3.1,VOC,,,,,,BA.3.1
BA.4,VOC,,,,,,BA.4
BA.4.1,VOC,,,,,,BA.4.1
BA.4.1.1,VOC,,,,,,BA.4.1.1
BA.4.1.2,VOC,,,,,,BA.4.1.2
BA.4.1.3,VOC,,,,,,BA.4.1.3
BA.4.1.4,VOC,,,,,,BA.4.1.4
BA.4.1.5,VOC,,,,,,BA.4.1.5
BA.4.1.6,VOC,,,,,,BA.4.1.6
BA.4.1.7,VOC,,,,,,BA.4.1.7
BA.4.1.8,VOC,,,,,,BA.4.1.8
BA.4.1.9,VOC,,,,,,BA.4.1.9
BA.4.2,VOC,,,,,,BA.4.2
BA.4.3,VOC,,,,,,BA.4.3
BA.4.4,VOC,,,,,,BA.4.4
BA.4.5,VOC,,,,,,BA.4.5
BA.4.6,VOC,,,,,,BA.4.6
BA.4.6.1,VOC,,,,,,BA.4.6.1
BA.4.7,VOC,,,,,,BA.4.7
BA.4.8,VOC,,,,,,BA.4.8
BA.5,VOC,,,,,,BA.5
BA.5.1,VOC,,,,,,BA.5.1
BA.5.1.1,VOC,,,,,,BA.5.1.1
BA.5.1.10,VOC,,,,,,BA.5.1.10
BA.5.1.11,VOC,,,,,,BA.5.1.11
BA.5.1.12,VOC,,,,,,BA.5.1.12
BA.5.1.13,VOC,,,,,,BA.5.1.13
BA.5.1.14,VOC,,,,,,BA.5.1.14
BA.5.1.15,VOC,,,,,,BA.5.1.15
BA.5.1.16,VOC,,,,,,BA.5.1.16
BA.5.1.17,VOC,,,,,,BA.5.1.17
BA.5.1.18,VOC,,,,,,BA.5.1.18
BA.5.1.19,VOC,,,,,,BA.5.1.19
BA.5.1.2,VOC,,,,,,BA.5.1.2
BA.5.1.20,VOC,,,,,,BA.5.1.20
BA.5.1.3,VOC,,,,,,BA.5.1.3
BA.5.1.4,VOC,,,,,,BA.5.1.4
BA.5.1.5,VOC,,,,,,BA.5.1.5
BA.5.1.6,VOC,,,,,,BA.5.1.6
BA.5.1.7,VOC,,,,,,BA.5.1.7
BA.5.1.8,VOC,,,,,,BA.5.1.8
BA.5.1.9,VOC,,,,,,BA.5.1.9
BA.5.10,VOC,,,,,,BA.5.10
BA.5.2,VOC,,,,,,BA.5.2
BA.5.2.1,VOC,,,,,,BA.5.2.1
BA.5.2.10,VOC,,,,,,BA.5.2.10
BA.5.2.11,VOC,,,,,,BA.5.2.11
BA.5.2.12,VOC,,,,,,BA.5.2.12
BA.5.2.13,VOC,,,,,,BA.5.2.13
BA.5.2.14,VOC,,,,,,BA.5.2.14
BA.5.2.2,VOC,,,,,,BA.5.2.2
BA.5.2.3,VOC,,,,,,BA.5.2.3
BA.5.2.4,VOC,,,,,,BA.5.2.4
BA.5.2.5,VOC,,,,,,BA.5.2.5
BA.5.2.6,VOC,,,,,,BA.5.2.6
BA.5.2.7,VOC,,,,,,BA.5.2.7
BA.5.2.8,VOC,,,,,,BA.5.2.8
BA.5.2.9,VOC,,,,,,BA.5.2.9
BA.5.3,VOC,,,,,,BA.5.3
BA.5.3.1,VOC,,,,,,BA.5.3.1
BA.5.3.2,VOC,,,,,,BA.5.3.2
BA.5.3.3,VOC,,,,,,BA.5.3.3
BA.5.3.4,VOC,,,,,,BA.5.3.4
BA.5.5,VOC,,,,,,BA.5.5
BA.5.5.1,VOC,,,,,,BA.5.5.1
BA.5.5.2,VOC,,,,,,BA.5.5.2
BA.5.5.3,VOC,,,,,,BA.5.5.3
BA.5.6,VOC,,,,,,BA.5.6
BA.5.6.1,VOC,,,,,,BA.5.6.1
BA.5.6.2,VOC,,,,,,BA.5.6.2
BA.5.7,VOC,,,,,,BA.5.7
BA.5.8,VOC,,,,,,BA.5.8
BA.5.9,VOC,,,,,,BA.5.9
BC.1,VOC,,,,,,BC.1
BC.2,VOC,,,,,,BC.2
BD.1,VOC,,,,,,BD.1
BE.1,VOC,,,,,,BE.1
BE.1.1,VOC,,,,,,BE.1.1
BE.1.1.1,VOC,,,,,,BE.1.1.1
BE.1.2,VOC,,,,,,BE.1.2
BE.1.3,VOC,,,,,,BE.1.3
BE.2,VOC,,,,,,BE.2
BE.3,VOC,,,,,,BE.3
BF.1,VOC,,,,,,BF.1
BF.1.1,VOC,,,,,,BF.1.1
BF.10,VOC,,,,,,BF.10
BF.11,VOC,,,,,,BF.11
BF.12,VOC,,,,,,BF.12
BF.13,VOC,,,,,,BF.13
BF.14,VOC,,,,,,BF.14
BF.15,VOC,,,,,,BF.15
BF.16,VOC,,,,,,BF.16
BF.17,VOC,,,,,,BF.17
BF.18,VOC,,,,,,BF.18
BF.19,VOC,,,,,,BF.19
BF.2,VOC,,,,,,BF.2
BF.20,VOC,,,,,,BF.20
BF.21,VOC,,,,,,BF.21
BF.22,VOC,,,,,,BF.22
BF.3,VOC,,,,,,BF.3
BF.3.1,VOC,,,,,,BF.3.1
BF.4,VOC,,,,,,BF.4
BF.5,VOC,,,,,,BF.5
BF.6,VOC,,,,,,BF.6
BF.7,VOC,,,,,,BF.7
BF.8,VOC,,,,,,BF.8
BF.9,VOC,,,,,,BF.9
BG.1,VOC,,,,,,BG.1
BG.2,VOC,,,,,,BG.2
BG.3,VOC,,,,,,BG.3
BG.4,VOC,,,,,,BG.4
BG.5,VOC,,,,,,BG.5
BG.6,VOC,,,,,,BG.6
BH.1,VOC,,,,,,BH.1
BJ.1,VOC,,,,,,BJ.1
BK.1,VOC,,,,,,BK.1
BL.1,VOC,,,,,,BL.1
BL.2,VOC,,,,,,BL.2
BL.3,VOC,,,,,,BL.3
BL.4,VOC,,,,,,BL.4
BM.1,VOC,,,,,,BM.1
BM.1.1,VOC,,,,,,BM.1.1
BM.2,VOC,,,,,,BM.2
BM.3,VOC,,,,,,BM.3
BM.4,VOC,,,,,,BM.4
BM.4.1,VOC,,,,,,BM.4.1
BN.1,VOC,,,,,,BN.1
BN.2,VOC,,,,,,BN.2
BN.2.1,VOC,,,,,,BN.2.1
BP.1,VOC,,,,,,BP.1
BQ.1,VOC,,,,,,BQ.1
BQ.1.1,VOC,,,,,,BQ.1.1
BR.1,VOC,,,,,,BR.1
B.1.617.1,VOI,,,,,,B.1.617.1
BB.2,VOI,,,,,,BB.2
B.1.1.318,De-escalated,,,,,,B.1.1.318
AZ.1,De-escalated,,,,,,AZ.1
AZ.2,De-escalated,,,,,,AZ.2
AZ.2.1,De-escalated,,,,,,AZ.2.1
AZ.3,De-escalated,,,,,,AZ.3
AZ.4,De-escalated,,,,,,AZ.4
AZ.5,De-escalated,,,,,,AZ.5
AZ.6,De-escalated,,,,,,AZ.6
B.1.1.519,De-escalated,,,,,,B.1.1.519
B.1.1.523,De-escalated,,,,,,B.1.1.523
B.1.214.2,De-escalated,,,,,,B.1.214.2
B.1.466.2,De-escalated,,,,,,B.1.466.2
AU.1,De-escalated,,,,,,AU.1
AU.2,De-escalated,,,,,,AU.2
AU.3,De-escalated,,,,,,AU.3
BA.2.12.1,VOC,,,,,,BA.2.12.1
B.1.617.3,Monitoring,,,,,,B.1.617.3
B.1.1.28,De-escalated,,,,,,B.1.1.28
B.1.671.2,De-escalated,,,,,,B.1.671.2
B.1.351,VOC,,,,,,B.1.351
B.1.351.1,VOC,,,,,,B.1.351.1
B.1.351.2,VOC,,,,,,B.1.351.2
B.1.351.3,VOC,,,,,,B.1.351.3
B.1.351.5,VOC,,,,,,B.1.351.5
B.1.525,VOI,,,,,,B.1.525
B.1.526,VOI,,,,,,B.1.526
C.37,VOI,,,,,,C.37
C.37.1,VOI,,,,,,C.37.1
B.1.621,VOI,,,,,,B.1.621
B.1.621.1,VOI,,,,,,B.1.621.1
B.1.621.2,VOI,,,,,,B.1.621.2
P.3,VOI,,,,,,P.3
P.2,VOI,,,,,,P.2
AV.1,De-escalated,,,,,,AV.1
B.1.619,De-escalated,,,,,,B.1.619
B.1.619.1,De-escalated,,,,,,B.1.619.1
B.1.630,De-escalated,,,,,,B.1.630
B.1.640.1,De-escalated,,,,,,B.1.640.1
B.1.640.2,De-escalated,,,,,,B.1.640.2
BA.2.75,VOC,,,,,,BA.2.75
BA.2.75.1,VOC,,,,,,BA.2.75.1
BA.2.75.2,VOC,,,,,,BA.2.75.2
BA.2.75.3,VOC,,,,,,BA.2.75.3
BA.2.75.4,VOC,,,,,,BA.2.75.4
BA.2.75.5,VOC,,,,,,BA.2.75.5
BA.2.75.6,VOC,,,,,,BA.2.75.6
BA.2.75.7,VOC,,,,,,BA.2.75.7
BA.2.75.8,VOC,,,,,,BA.2.75.8
BA.4,VOC,,,,,,BA.4
BA.4.1,VOC,,,,,,BA.4.1
BA.4.1.1,VOC,,,,,,BA.4.1.1
BA.4.1.10,VOC,,,,,,BA.4.1.10
BA.4.1.2,VOC,,,,,,BA.4.1.2
BA.4.1.3,VOC,,,,,,BA.4.1.3
BA.4.1.4,VOC,,,,,,BA.4.1.4
BA.4.1.5,VOC,,,,,,BA.4.1.5
BA.4.1.6,VOC,,,,,,BA.4.1.6
BA.4.1.7,VOC,,,,,,BA.4.1.7
BA.4.1.8,VOC,,,,,,BA.4.1.8
BA.4.1.9,VOC,,,,,,BA.4.1.9
BA.4.2,VOC,,,,,,BA.4.2
BA.4.3,VOC,,,,,,BA.4.3
BA.4.4,VOC,,,,,,BA.4.4
BA.4.5,VOC,,,,,,BA.4.5
BA.4.6,VOC,,,,,,BA.4.6
BA.4.6.1,VOC,,,,,,BA.4.6.1
BA.4.7,VOC,,,,,,BA.4.7
BA.4.8,VOC,,,,,,BA.4.8
BA.5,VOC,,,,,,BA.5
BA.5.1,VOC,,,,,,BA.5.1
BA.5.1.1,VOC,,,,,,BA.5.1.1
BA.5.1.10,VOC,,,,,,BA.5.1.10
BA.5.1.11,VOC,,,,,,BA.5.1.11
BA.5.1.12,VOC,,,,,,BA.5.1.12
BA.5.1.14,VOC,,,,,,BA.5.1.14
BA.5.1.15,VOC,,,,,,BA.5.1.15
BA.5.1.16,VOC,,,,,,BA.5.1.16
BA.5.1.17,VOC,,,,,,BA.5.1.17
BA.5.1.18,VOC,,,,,,BA.5.1.18
BA.5.1.19,VOC,,,,,,BA.5.1.19
BA.5.1.2,VOC,,,,,,BA.5.1.2
BA.5.1.20,VOC,,,,,,BA.5.1.20
BA.5.1.21,VOC,,,,,,BA.5.1.21
BA.5.1.3,VOC,,,,,,BA.5.1.3
BA.5.1.4,VOC,,,,,,BA.5.1.4
BA.5.1.5,VOC,,,,,,BA.5.1.5
BA.5.1.6,VOC,,,,,,BA.5.1.6
BA.5.1.7,VOC,,,,,,BA.5.1.7
BA.5.1.8,VOC,,,,,,BA.5.1.8
BA.5.1.9,VOC,,,,,,BA.5.1.9
BA.5.10,VOC,,,,,,BA.5.10
BA.5.10.1,VOC,,,,,,BA.5.10.1
BA.5.2,VOC,,,,,,BA.5.2
BA.5.2.1,VOC,,,,,,BA.5.2.1
BA.5.2.10,VOC,,,,,,BA.5.2.10
BA.5.2.11,VOC,,,,,,BA.5.2.11
BA.5.2.12,VOC,,,,,,BA.5.2.12
BA.5.2.13,VOC,,,,,,BA.5.2.13
BA.5.2.14,VOC,,,,,,BA.5.2.14
BA.5.2.15,VOC,,,,,,BA.5.2.15
BA.5.2.16,VOC,,,,,,BA.5.2.16
BA.5.2.18,VOC,,,,,,BA.5.2.18
BA.5.2.19,VOC,,,,,,BA.5.2.19
BA.5.2.2,VOC,,,,,,BA.5.2.2
BA.5.2.20,VOC,,,,,,BA.5.2.20
BA.5.2.21,VOC,,,,,,BA.5.2.21
BA.5.2.22,VOC,,,,,,BA.5.2.22
BA.5.2.23,VOC,,,,,,BA.5.2.23
BA.5.2.24,VOC,,,,,,BA.5.2.24
BA.5.2.25,VOC,,,,,,BA.5.2.25
BA.5.2.3,VOC,,,,,,BA.5.2.3
BA.5.2.4,VOC,,,,,,BA.5.2.4
BA.5.2.5,VOC,,,,,,BA.5.2.5
BA.5.2.6,VOC,,,,,,BA.5.2.6
BA.5.2.7,VOC,,,,,,BA.5.2.7
BA.5.2.8,VOC,,,,,,BA.5.2.8
BA.5.2.9,VOC,,,,,,BA.5.2.9
BA.5.3,VOC,,,,,,BA.5.3
BA.5.3.1,VOC,,,,,,BA.5.3.1
BA.5.3.2,VOC,,,,,,BA.5.3.2
BA.5.3.3,VOC,,,,,,BA.5.3.3
BA.5.3.4,VOC,,,,,,BA.5.3.4
BA.5.5,VOC,,,,,,BA.5.5
BA.5.5.1,VOC,,,,,,BA.5.5.1
BA.5.5.2,VOC,,,,,,BA.5.5.2
BA.5.5.3,VOC,,,,,,BA.5.5.3
BA.5.6,VOC,,,,,,BA.5.6
BA.5.6.1,VOC,,,,,,BA.5.6.1
BA.5.6.2,VOC,,,,,,BA.5.6.2
BA.5.7,VOC,,,,,,BA.5.7
BA.5.8,VOC,,,,,,BA.5.8
BA.5.9,VOC,,,,,,BA.5.9
C.1.2,De-escalated,,,,,,C.1.2
C.36.3,De-escalated,,,,,,C.36.3
C.36.3.1,De-escalated,,,,,,C.36.3.1
BR.1,De-escalated,,,,,,BR.1
R.1,De-escalated,,,,,,R.1
XD,De-escalated,,,,,,XD
XAK,Monitoring,,,,,,XAK
N.7,De-escalated,,,,,,N.7
P.6,De-escalated,,,,,,P.6
A.2.5,De-escalated,,,,,,A.2.5
A.2.5.1,De-escalated,,,,,,A.2.5.1
A.2.5.2,De-escalated,,,,,,A.2.5.2
A.2.5.3,De-escalated,,,,,,A.2.5.3
BA.2.5,De-escalated,,,,,,BA.2.5
BA.2.50,De-escalated,,,,,,BA.2.50
BA.2.51,De-escalated,,,,,,BA.2.51
BA.2.52,De-escalated,,,,,,BA.2.52
BA.2.53,De-escalated,,,,,,BA.2.53
BA.2.54,De-escalated,,,,,,BA.2.54
BA.2.55,De-escalated,,,,,,BA.2.55
BA.2.56,De-escalated,,,,,,BA.2.56
BA.2.56.1,De-escalated,,,,,,BA.2.56.1
BA.2.57,De-escalated,,,,,,BA.2.57
BA.2.58,De-escalated,,,,,,BA.2.58
BA.2.59,De-escalated,,,,,,BA.2.59
A.23.1,De-escalated,,,,,,A.23.1
A.27,De-escalated,,,,,,A.27
A.28,De-escalated,,,,,,A.28
AT.1,De-escalated,,,,,,AT.1
B.1.1.277,De-escalated,,,,,,B.1.1.277
B.1.1.302,De-escalated,,,,,,B.1.1.302
B.1.1.519,De-escalated,,,,,,B.1.1.519
B.1.160,De-escalated,,,,,,B.1.160
B.1.160.10,De-escalated,,,,,,B.1.160.10
B.1.160.11,De-escalated,,,,,,B.1.160.11
B.1.160.12,De-escalated,,,,,,B.1.160.12
B.1.160.13,De-escalated,,,,,,B.1.160.13
B.1.160.14,De-escalated,,,,,,B.1.160.14
B.1.160.15,De-escalated,,,,,,B.1.160.15
B.1.160.16,De-escalated,,,,,,B.1.160.16
B.1.160.17,De-escalated,,,,,,B.1.160.17
B.1.160.18,De-escalated,,,,,,B.1.160.18
B.1.160.19,De-escalated,,,,,,B.1.160.19
B.1.160.20,De-escalated,,,,,,B.1.160.20
B.1.160.21,De-escalated,,,,,,B.1.160.21
B.1.160.22,De-escalated,,,,,,B.1.160.22
B.1.160.23,De-escalated,,,,,,B.1.160.23
B.1.160.24,De-escalated,,,,,,B.1.160.24
B.1.160.25,De-escalated,,,,,,B.1.160.25
B.1.160.26,De-escalated,,,,,,B.1.160.26
B.1.160.27,De-escalated,,,,,,B.1.160.27
B.1.160.28,De-escalated,,,,,,B.1.160.28
B.1.160.29,De-escalated,,,,,,B.1.160.29
B.1.160.30,De-escalated,,,,,,B.1.160.30
B.1.160.31,De-escalated,,,,,,B.1.160.31
B.1.160.32,De-escalated,,,,,,B.1.160.32
B.1.160.33,De-escalated,,,,,,B.1.160.33
B.1.160.7,De-escalated,,,,,,B.1.160.7
B.1.160.8,De-escalated,,,,,,B.1.160.8
B.1.160.9,De-escalated,,,,,,B.1.160.9
B.1.177,De-escalated,,,,,,B.1.177
B.1.177.10,De-escalated,,,,,,B.1.177.10
B.1.177.11,De-escalated,,,,,,B.1.177.11
B.1.177.12,De-escalated,,,,,,B.1.177.12
B.1.177.14,De-escalated,,,,,,B.1.177.14
B.1.177.15,De-escalated,,,,,,B.1.177.15
B.1.177.16,De-escalated,,,,,,B.1.177.16
B.1.177.17,De-escalated,,,,,,B.1.177.17
B.1.177.18,De-escalated,,,,,,B.1.177.18
B.1.177.19,De-escalated,,,,,,B.1.177.19
B.1.177.2,De-escalated,,,,,,B.1.177.2
B.1.177.20,De-escalated,,,,,,B.1.177.20
B.1.177.21,De-escalated,,,,,,B.1.177.21
B.1.177.23,De-escalated,,,,,,B.1.177.23
B.1.177.24,De-escalated,,,,,,B.1.177.24
B.1.177.25,De-escalated,,,,,,B.1.177.25
B.1.177.26,De-escalated,,,,,,B.1.177.26
B.1.177.27,De-escalated,,,,,,B.1.177.27
B.1.177.28,De-escalated,,,,,,B.1.177.28
B.1.177.29,De-escalated,,,,,,B.1.177.29
B.1.177.3,De-escalated,,,,,,B.1.177.3
B.1.177.30,De-escalated,,,,,,B.1.177.30
B.1.177.31,De-escalated,,,,,,B.1.177.31
B.1.177.32,De-escalated,,,,,,B.1.177.32
B.1.177.33,De-escalated,,,,,,B.1.177.33
B.1.177.34,De-escalated,,,,,,B.1.177.34
B.1.177.35,De-escalated,,,,,,B.1.177.35
B.1.177.36,De-escalated,,,,,,B.1.177.36
B.1.177.37,De-escalated,,,,,,B.1.177.37
B.1.177.38,De-escalated,,,,,,B.1.177.38
B.1.177.39,De-escalated,,,,,,B.1.177.39
B.1.177.4,De-escalated,,,,,,B.1.177.4
B.1.177.40,De-escalated,,,,,,B.1.177.40
B.1.177.41,De-escalated,,,,,,B.1.177.41
B.1.177.42,De-escalated,,,,,,B.1.177.42
B.1.177.43,De-escalated,,,,,,B.1.177.43
B.1.177.44,De-escalated,,,,,,B.1.177.44
B.1.177.45,De-escalated,,,,,,B.1.177.45
B.1.177.46,De-escalated,,,,,,B.1.177.46
B.1.177.47,De-escalated,,,,,,B.1.177.47
B.1.177.48,De-escalated,,,,,,B.1.177.48
B.1.177.49,De-escalated,,,,,,B.1.177.49
B.1.177.5,De-escalated,,,,,,B.1.177.5
B.1.177.50,De-escalated,,,,,,B.1.177.50
B.1.177.51,De-escalated,,,,,,B.1.177.51
B.1.177.52,De-escalated,,,,,,B.1.177.52
B.1.177.53,De-escalated,,,,,,B.1.177.53
B.1.177.54,De-escalated,,,,,,B.1.177.54
B.1.177.55,De-escalated,,,,,,B.1.177.55
B.1.177.56,De-escalated,,,,,,B.1.177.56
B.1.177.57,De-escalated,,,,,,B.1.177.57
B.1.177.58,De-escalated,,,,,,B.1.177.58
B.1.177.59,De-escalated,,,,,,B.1.177.59
B.1.177.6,De-escalated,,,,,,B.1.177.6
B.1.177.60,De-escalated,,,,,,B.1.177.60
B.1.177.61,De-escalated,,,,,,B.1.177.61
B.1.177.62,De-escalated,,,,,,B.1.177.62
B.1.177.63,De-escalated,,,,,,B.1.177.63
B.1.177.64,De-escalated,,,,,,B.1.177.64
B.1.177.65,De-escalated,,,,,,B.1.177.65
B.1.177.66,De-escalated,,,,,,B.1.177.66
B.1.177.67,De-escalated,,,,,,B.1.177.67
B.1.177.68,De-escalated,,,,,,B.1.177.68
B.1.177.69,De-escalated,,,,,,B.1.177.69
B.1.177.7,De-escalated,,,,,,B.1.177.7
B.1.177.70,De-escalated,,,,,,B.1.177.70
B.1.177.71,De-escalated,,,,,,B.1.177.71
B.1.177.72,De-escalated,,,,,,B.1.177.72
B.1.177.73,De-escalated,,,,,,B.1.177.73
B.1.177.74,De-escalated,,,,,,B.1.177.74
B.1.177.75,De-escalated,,,,,,B.1.177.75
B.1.177.76,De-escalated,,,,,,B.1.177.76
B.1.177.77,De-escalated,,,,,,B.1.177.77
B.1.177.78,De-escalated,,,,,,B.1.177.78
B.1.177.8,De-escalated,,,,,,B.1.177.8
B.1.177.80,De-escalated,,,,,,B.1.177.80
B.1.177.81,De-escalated,,,,,,B.1.177.81
B.1.177.82,De-escalated,,,,,,B.1.177.82
B.1.177.83,De-escalated,,,,,,B.1.177.83
B.1.177.84,De-escalated,,,,,,B.1.177.84
B.1.177.85,De-escalated,,,,,,B.1.177.85
B.1.177.86,De-escalated,,,,,,B.1.177.86
B.1.177.87,De-escalated,,,,,,B.1.177.87
B.1.177.88,De-escalated,,,,,,B.1.177.88
B.1.177.89,De-escalated,,,,,,B.1.177.89
B.1.177.9,De-escalated,,,,,,B.1.177.9
B.1.221,De-escalated,,,,,,B.1.221
B.1.221.1,De-escalated,,,,,,B.1.221.1
B.1.221.2,De-escalated,,,,,,B.1.221.2
B.1.221.3,De-escalated,,,,,,B.1.221.3
B.1.221.4,De-escalated,,,,,,B.1.221.4
B.1.258,De-escalated,,,,,,B.1.258
B.1.258.10,De-escalated,,,,,,B.1.258.10
B.1.258.11,De-escalated,,,,,,B.1.258.11
B.1.258.12,De-escalated,,,,,,B.1.258.12
B.1.258.14,De-escalated,,,,,,B.1.258.14
B.1.258.15,De-escalated,,,,,,B.1.258.15
B.1.258.16,De-escalated,,,,,,B.1.258.16
B.1.258.17,De-escalated,,,,,,B.1.258.17
B.1.258.18,De-escalated,,,,,,B.1.258.18
B.1.258.19,De-escalated,,,,,,B.1.258.19
B.1.258.2,De-escalated,,,,,,B.1.258.2
B.1.258.20,De-escalated,,,,,,B.1.258.20
B.1.258.21,De-escalated,,,,,,B.1.258.21
B.1.258.22,De-escalated,,,,,,B.1.258.22
B.1.258.23,De-escalated,,,,,,B.1.258.23
B.1.258.24,De-escalated,,,,,,B.1.258.24
B.1.258.3,De-escalated,,,,,,B.1.258.3
B.1.258.4,De-escalated,,,,,,B.1.258.4
B.1.258.5,De-escalated,,,,,,B.1.258.5
B.1.258.6,De-escalated,,,,,,B.1.258.6
B.1.258.7,De-escalated,,,,,,B.1.258.7
B.1.258.9,De-escalated,,,,,,B.1.258.9
B.1.367,De-escalated,,,,,,B.1.367
B.1.616,De-escalated,,,,,,B.1.616
B.1.620,De-escalated,,,,,,B.1.620
C.16,De-escalated,,,,,,C.16
P.7,De-escalated,,,,,,P.7
BR.2,De-escalated,,,,,,BR.2
R.2,De-escalated,,,,,,R.2
